﻿<?xml version="1.0" encoding="utf-8"?>
<ImageMetadata>
  <Version>1.0</Version>
  <Experiment>
    <ExperimentBlockIndex>0</ExperimentBlockIndex>
    <ExperimentBlocks>
      <AcquisitionBlock>
        <AcquisitionModeSetup>
          <BiDirectional>false</BiDirectional>
          <BiDirectionalZ>false</BiDirectionalZ>
          <BitsPerSample>8</BitsPerSample>
          <CameraBinning>1</CameraBinning>
          <CameraFrameHeight>1030</CameraFrameHeight>
          <CameraFrameOffsetX>0</CameraFrameOffsetX>
          <CameraFrameOffsetY>0</CameraFrameOffsetY>
          <CameraFrameWidth>1300</CameraFrameWidth>
          <CameraSuperSampling>0</CameraSuperSampling>
          <DimensionT>10</DimensionT>
          <DimensionX>512</DimensionX>
          <DimensionY>512</DimensionY>
          <DimensionZ>9</DimensionZ>
          <FilterMethod>Average</FilterMethod>
          <FilterMode>Line</FilterMode>
          <FilterSamplingNumber>4</FilterSamplingNumber>
          <FitFramesizeToRoi>false</FitFramesizeToRoi>
          <HdrEnabled>false</HdrEnabled>
          <HdrImagingMode>0</HdrImagingMode>
          <HdrIntensity>1</HdrIntensity>
          <HdrNumFrames>1</HdrNumFrames>
          <InterpolationY>1</InterpolationY>
          <Objective>Plan-Apochromat 63x/1.4 Oil DIC M27</Objective>
          <OffsetX>-2.0116940961599439e-006</OffsetX>
          <OffsetY>-3.5923108860048114e-007</OffsetY>
          <OffsetZ>8.4332266929021753e-007</OffsetZ>
          <ReferenceZ>0.002015569</ReferenceZ>
          <PixelPeriod>1.5757575757575759e-006</PixelPeriod>
          <Rotation>0</Rotation>
          <AcquisitionMode>StackFocus</AcquisitionMode>
          <RtBinning>1</RtBinning>
          <RtFrameHeight>512</RtFrameHeight>
          <RtFrameWidth>512</RtFrameWidth>
          <RtLinePeriod>3.0000000000000001e-005</RtLinePeriod>
          <RtOffsetX>0</RtOffsetX>
          <RtOffsetY>0</RtOffsetY>
          <RtRegionHeight>512</RtRegionHeight>
          <RtRegionWidth>512</RtRegionWidth>
          <RtSuperSampling>1</RtSuperSampling>
          <RtZoom>1</RtZoom>
          <ScalingX>4.3929409388983593e-008</ScalingX>
          <ScalingY>4.3929409388983593e-008</ScalingY>
          <ScalingZ>2.1083066732255438e-007</ScalingZ>
          <SimRotations>3</SimRotations>
          <TimeSeries>false</TimeSeries>
          <TrackMultiplexType>FrameFast</TrackMultiplexType>
          <UseRois>false</UseRois>
          <ZoomX>6</ZoomX>
          <ZoomY>6</ZoomY>
          <PreScan>false</PreScan>
          <FocusStabilizer>false</FocusStabilizer>
          <ScannerOnlineCorrection>true</ScannerOnlineCorrection>
          <WaitState>false</WaitState>
        </AcquisitionModeSetup>
        <TimeSeriesSetup>
          <StartMode>
            <DigitalOut></DigitalOut>
            <Manual></Manual>
          </StartMode>
          <StopMode>
            <DigitalOut></DigitalOut>
            <Manual></Manual>
          </StopMode>
        </TimeSeriesSetup>
        <ZStackSetup>
          <StackBrightnessCorrection>false</StackBrightnessCorrection>
          <StackBrightnessCorrections>
            <Positions></Positions>
            <Extrapolate>false</Extrapolate>
            <Interpolation>Cubic</Interpolation>
          </StackBrightnessCorrections>
        </ZStackSetup>
        <MultiTrackSetup>
          <TrackSetup Name="Airy_568">
            <Attenuators>
              <Attenuator>
                <Wavelength>6.3300000000000002e-007</Wavelength>
                <Transmission>0.029999999999999999</Transmission>
                <LaserSuppression>false</LaserSuppression>
                <ExcitationIntensity>0</ExcitationIntensity>
                <Laser>HeNe633</Laser>
                <Polarization_Stokes0>1</Polarization_Stokes0>
                <Polarization_Stokes1>1</Polarization_Stokes1>
                <Polarization_Stokes2>0</Polarization_Stokes2>
                <Polarization_Stokes3>0</Polarization_Stokes3>
              </Attenuator>
            </Attenuators>
            <BeamSplitters>
              <BeamSplitter>
                <Identifier>MainBeamSplitterDescanned1</Identifier>
                <Filter>MBS 488/561/633</Filter>
                <BeamSplitterServoPosition>0</BeamSplitterServoPosition>
              </BeamSplitter>
              <BeamSplitter>
                <Identifier>MainBeamSplitterDescanned2</Identifier>
                <Filter>MBS -405</Filter>
                <BeamSplitterServoPosition>0</BeamSplitterServoPosition>
              </BeamSplitter>
              <BeamSplitter>
                <Identifier>DichroicBeamSplitterDescanned1</Identifier>
                <Filter>Plate</Filter>
                <BeamSplitterServoPosition>0</BeamSplitterServoPosition>
              </BeamSplitter>
              <BeamSplitter>
                <Identifier>MainBeamSplitterNonDescanned</Identifier>
                <Filter>Rear</Filter>
                <BeamSplitterServoPosition>0</BeamSplitterServoPosition>
              </BeamSplitter>
            </BeamSplitters>
            <BleachSetup></BleachSetup>
            <Collimators>
              <Collimator>
                <Name>LSMCOLLI_NLO</Name>
                <Position>2965</Position>
              </Collimator>
              <Collimator>
                <Name>LSMCOLLI_V</Name>
                <Position>847</Position>
              </Collimator>
            </Collimators>
            <Detectors>
              <Detector Name="Airyscan" Id="1526577682118923100940274871461251733767">
                <DetectorIdentifier>AiryScan1</DetectorIdentifier>
                <PureRatioSource>false</PureRatioSource>
                <ImageChannelName>ChA</ImageChannelName>
                <Voltage>900</Voltage>
                <AmplifierGain>1</AmplifierGain>
                <AmplifierOffset>0</AmplifierOffset>
                <PinholeDiameter>0.0001524524</PinholeDiameter>
                <SpectralScanChannels>32</SpectralScanChannels>
                <Dye></Dye>
                <Folder></Folder>
                <Palette>LsmDetectorPalette_0_0</Palette>
                <Color>#00FF00</Color>
                <DetectorMode>Integration</DetectorMode>
                <DigitalGain>1</DigitalGain>
                <DigitalOffset>0</DigitalOffset>
                <LaserSuppression>true</LaserSuppression>
                <Filtersets>
                  <Filterset>BP 570-620 + LP 645</Filterset>
                </Filtersets>
                <AiryScanMode>SuperResolution</AiryScanMode>
                <AiryScanVirtualPinholeSize>7.6226199999999999e-005</AiryScanVirtualPinholeSize>
                <AiryScanMagnification>867.53791401163176</AiryScanMagnification>
                <AiryScanTransformationXX>0.50151073715945704</AiryScanTransformationXX>
                <AiryScanTransformationXY>-0.86515142056970462</AiryScanTransformationXY>
                <AiryScanTransformationYX>-0.86515142056970462</AiryScanTransformationYX>
                <AiryScanTransformationYY>-0.50151073715945704</AiryScanTransformationYY>
              </Detector>
            </Detectors>
            <CenterWavelength>5.5303954500000013e-007</CenterWavelength>
            <CondensorFrontlensPosition>-1</CondensorFrontlensPosition>
            <CondensorRevolverFilter>HF</CondensorRevolverFilter>
            <TubeLensPosition>Lens LSM</TubeLensPosition>
            <FieldStopPosition>-1</FieldStopPosition>
            <CondensorAperture>0.55007640000000002</CondensorAperture>
            <FilterTransmission>-1</FilterTransmission>
            <CameraIntegrationTime>1.5757575757575759e-006</CameraIntegrationTime>
            <DeviceMode>LSM_ChannelMode</DeviceMode>
            <TransmittedLightLampIntensity>0</TransmittedLightLampIntensity>
            <ReflectedLightLampIntensity>0</ReflectedLightLampIntensity>
            <LaserSuppressionMode>None</LaserSuppressionMode>
            <TirfAngle>0</TirfAngle>
            <PalmSlider>true</PalmSlider>
            <SimGratingPeriod>0</SimGratingPeriod>
            <FWLive405Position></FWLive405Position>
            <FWFOVPosition></FWFOVPosition>
          </TrackSetup>
        </MultiTrackSetup>
        <TilesSetup>
          <PositionGroups>
            <PositionGroup>
              <AutoFocusMode>Off</AutoFocusMode>
              <AutoFocusOffset>0</AutoFocusOffset>
            </PositionGroup>
          </PositionGroups>
        </TilesSetup>
        <Lasers>
          <Laser>
            <LaserPower>0.0050000000000000001</LaserPower>
            <LaserName>HeNe633</LaserName>
          </Laser>
          <Laser>
            <LaserPower>0.02</LaserPower>
            <LaserName>DPSS 561-10</LaserName>
          </Laser>
          <Laser>
            <LaserPower>0.029999999999999999</LaserPower>
            <LaserName>Diode 405-30</LaserName>
          </Laser>
        </Lasers>
      </AcquisitionBlock>
    </ExperimentBlocks>
  </Experiment>
  <Information>
    <User Id="0">
      <DisplayName>LSM User</DisplayName>
    </User>
    <Institution />
    <Application>
      <Name>AIMApplication</Name>
      <Version>11,0,0,190</Version>
    </Application>
    <Document>
      <Name>jritland_012017_Airyscan_60x_05</Name>
      <Description></Description>
      <Comment></Comment>
      <UserName>jritland</UserName>
      <CreationDate>2017-01-20T14:56:30.384905-08:00</CreationDate>
      <SubType>Image</SubType>
      <Rating>0</Rating>
      <Title>jritland_012017_Airyscan_60x_05</Title>
    </Document>
    <Image>
      <OriginalScanData>true</OriginalScanData>
      <PixelType>Bgr24</PixelType>
      <ComponentBitCount>8</ComponentBitCount>
      <SizeX>512</SizeX>
      <SizeY>512</SizeY>
      <SizeZ>9</SizeZ>
      <SizeC>2</SizeC>
      <SizeH>32</SizeH>
      <Dimensions>
        <Channels>
          <Channel Id="1526577682118923100940274871461251733767" Name="ChA">
            <IlluminationType>Epifluorescence</IlluminationType>
            <ContrastMethod>Fluorescence</ContrastMethod>
            <PinholeSizeAiry>2.446166257711766</PinholeSizeAiry>
            <ExcitationWavelength>633</ExcitationWavelength>
            <EmissionWavelength>653.59676899999999</EmissionWavelength>
            <AcquisitionMode>LaserScanningConfocalMicroscopy</AcquisitionMode>
            <ChannelType>AiryScanRawSr</ChannelType>
            <FilterSet Id="FilterSet:0:0:0"></FilterSet>
            <AiryscanSettings>
              <Mode>SuperResolution</Mode>
              <VirtualPinholeSize>7.6226199999999999e-005</VirtualPinholeSize>
              <Magnification>867.53791401163176</Magnification>
              <TransformationXX>0.50151073715945704</TransformationXX>
              <TransformationXY>-0.86515142056970462</TransformationXY>
              <TransformationYX>-0.86515142056970462</TransformationYX>
              <TransformationYY>-0.50151073715945704</TransformationYY>
            </AiryscanSettings>
            <PixelType>Bgr24</PixelType>
            <ComponentBitCount>8</ComponentBitCount>
            <DetectorSettings>
              <Binning>1x1</Binning>
              <PhotonConversionFactor>0</PhotonConversionFactor>
              <Gain>900</Gain>
              <DigitalGain>1</DigitalGain>
              <Offset>0</Offset>
              <Detector Id="Detector:0:0" />
            </DetectorSettings>
            <LightSourcesSettings>
              <LightSourceSettings>
                <Attenuation>0.96999999999999997</Attenuation>
                <Wavelength>633</Wavelength>
                <Polarization>
                  <StokesParameter1>1</StokesParameter1>
                  <StokesParameter2>1</StokesParameter2>
                  <StokesParameter3>0</StokesParameter3>
                  <StokesParameter4>0</StokesParameter4>
                </Polarization>
                <LightSource Id="LightSource:0" />
              </LightSourceSettings>
            </LightSourcesSettings>
            <LaserScanInfo>
              <PixelTime>1.5757575757575759e-006</PixelTime>
              <ZoomX>6</ZoomX>
              <ZoomY>6</ZoomY>
              <SampleRotation>0</SampleRotation>
              <SampleOffsetX>-2.0116940961599439e-006</SampleOffsetX>
              <SampleOffsetY>-3.5923108860048114e-007</SampleOffsetY>
              <LineTime>3.0000000000000001e-005</LineTime>
              <FrameTime>3.8725818181818186</FrameTime>
              <ScanningMode>FastFrame</ScanningMode>
              <Averaging>4</Averaging>
            </LaserScanInfo>
          </Channel>
          <Channel Id="Channel:1">
            <PixelType>Bgr24</PixelType>
            <ComponentBitCount>8</ComponentBitCount>
          </Channel>
        </Channels>
        <Tracks>
          <Track Id="Track:0">
            <ChannelRefs>
              <ChannelRef Id="1526577682118923100940274871461251733767" />
            </ChannelRefs>
          </Track>
        </Tracks>
        <T>
          <StartTime>0001-01-01T00:00:00</StartTime>
          <Positions>
            <BinaryList>
              <AttachmentName>TimeStamps</AttachmentName>
            </BinaryList>
          </Positions>
        </T>
        <Z>
          <StartPosition>0</StartPosition>
          <Positions>
            <Interval>
              <Start>0</Start>
              <Increment>0.21083066732255437</Increment>
            </Interval>
          </Positions>
        </Z>
        <S>
          <Scenes>
            <Scene Index="0">
              <Positions>
                <Position X="3058.99" Y="-338.859" Z="2014.73"></Position>
              </Positions>
              <ScanMode>Comb</ScanMode>
            </Scene>
          </Scenes>
        </S>
      </Dimensions>
      <ObjectiveSettings>
        <Medium>Oil</Medium>
        <RefractiveIndex>1.518</RefractiveIndex>
        <ObjectiveRef Id="Objective:0" />
      </ObjectiveSettings>
      <MicroscopeRef Id="Microscope:0" />
    </Image>
    <Instrument>
      <Microscopes>
        <Microscope Id="Microscope:0">
          <System>LSM 780, AxioObserver</System>
        </Microscope>
      </Microscopes>
      <LightSources>
        <LightSource Id="LightSource:0" />
      </LightSources>
      <Detectors>
        <Detector Id="Detector:0:0">
          <Gain>1</Gain>
          <Zoom>1</Zoom>
          <AmplificationGain>1</AmplificationGain>
          <Type>Airyscan</Type>
          <Manufacturer>
            <Model></Model>
          </Manufacturer>
        </Detector>
      </Detectors>
      <Objectives>
        <Objective Id="Objective:0">
          <Immersion>Oil</Immersion>
          <LensNA>1.4000000000000001</LensNA>
          <NominalMagnification>63</NominalMagnification>
          <Manufacturer>
            <Model>Plan-Apochromat 63x/1.4 Oil DIC M27</Model>
          </Manufacturer>
        </Objective>
      </Objectives>
      <FilterSets>
        <FilterSet Id="FilterSet:0:0:0">
          <EmissionFilters>
            <EmissionFilterRef Id="Filter:0:0:0" />
          </EmissionFilters>
        </FilterSet>
      </FilterSets>
      <Filters>
        <Filter Id="Filter:0:0:0" Name="BP 570-620 + LP 645" />
      </Filters>
    </Instrument>
    <Processing>
      <Airyscan>
        <Channels>
          <Channel>
            <SuperResolutionParameter>0</SuperResolutionParameter>
            <ParameterEstimationType>Manual</ParameterEstimationType>
            <DeconvolutionType>2D</DeconvolutionType>
            <IsTileBased>false</IsTileBased>
            <VirtualPinholeParameter>0</VirtualPinholeParameter>
            <BaselineShift>false</BaselineShift>
            <BaselineShiftParameter>0</BaselineShiftParameter>
          </Channel>
          <Channel>
            <SuperResolutionParameter>0</SuperResolutionParameter>
            <ParameterEstimationType>Manual</ParameterEstimationType>
            <DeconvolutionType>2D</DeconvolutionType>
            <IsTileBased>false</IsTileBased>
            <VirtualPinholeParameter>0</VirtualPinholeParameter>
            <BaselineShift>false</BaselineShift>
            <BaselineShiftParameter>0</BaselineShiftParameter>
          </Channel>
        </Channels>
      </Airyscan>
    </Processing>
  </Information>
  <Scaling>
    <Items>
      <Distance Id="X">
        <Value>4.3929409388983593E-08</Value>
      </Distance>
      <Distance Id="Y">
        <Value>4.3929409388983593E-08</Value>
      </Distance>
      <Distance Id="Z">
        <Value>2.1083066732255438E-07</Value>
      </Distance>
    </Items>
  </Scaling>
  <DisplaySetting>
    <Channels>
      <Channel Id="1526577682118923100940274871461251733767" Name="ChA">
        <BitCountRange>8</BitCountRange>
        <DyeName>Dye1</DyeName>
        <Color>#FF00FF00</Color>
        <OriginalColor>#FF00FF00</OriginalColor>
        <IsSelected>false</IsSelected>
      </Channel>
      <Channel Id="1109232117133945869223574621631189282885" Name="ChA#">
        <BitCountRange>8</BitCountRange>
        <DyeName>Dye2</DyeName>
        <Color>#FF00FF00</Color>
        <OriginalColor>#FF00FF00</OriginalColor>
      </Channel>
    </Channels>
  </DisplaySetting>
  <Layers />
  <MetadataNodes />
</ImageMetadata>